{
  "apis": {
    "orbit_determination.calcGibbs": {
      "recommendation": "rust-default",
      "metrics": {
        "legacy_seconds_p50": 0.2882949998602271,
        "legacy_seconds_p95": 0.3045603087171912,
        "rust_seconds_p50": 0.0068960003554821014,
        "rust_seconds_p95": 0.006932224985212088,
        "rust_over_legacy_p50": 0.023919944358471223,
        "rust_over_legacy_p95": 0.022761419616399253,
        "speedup_p50": 41.80611731422574,
        "speedup_p95": 43.93399079904117,
        "legacy_samples_seconds": [
          0.28833287488669157,
          0.2868000417947769,
          0.2870748327113688,
          0.2882949998602271,
          0.30861716717481613
        ],
        "rust_samples_seconds": [
          0.006934999953955412,
          0.0069211251102387905,
          0.006788500119000673,
          0.006812457926571369,
          0.0068960003554821014
        ]
      }
    },
    "orbit_determination.calcHerrickGibbs": {
      "recommendation": "rust-default",
      "metrics": {
        "legacy_seconds_p50": 0.02876595826819539,
        "legacy_seconds_p95": 0.02886868305504322,
        "rust_seconds_p50": 0.007422375027090311,
        "rust_seconds_p95": 0.007561174407601357,
        "rust_over_legacy_p50": 0.2580263434261023,
        "rust_over_legacy_p95": 0.261916152987812,
        "speedup_p50": 3.875573271790351,
        "speedup_p95": 3.8180157603587506,
        "legacy_samples_seconds": [
          0.028845082968473434,
          0.028874583076685667,
          0.02868254203349352,
          0.02876595826819539,
          0.0279508326202631
        ],
        "rust_samples_seconds": [
          0.007382458075881004,
          0.007464541122317314,
          0.007422375027090311,
          0.007585332728922367,
          0.007381875067949295
        ]
      }
    },
    "orbit_determination.calcGauss": {
      "recommendation": "rust-default",
      "metrics": {
        "legacy_seconds_p50": 0.017307916656136513,
        "legacy_seconds_p95": 0.017514258343726396,
        "rust_seconds_p50": 0.007463292218744755,
        "rust_seconds_p95": 0.007550666388124227,
        "rust_over_legacy_p50": 0.4312068498491786,
        "rust_over_legacy_p95": 0.43111539409425664,
        "speedup_p50": 2.3190726222224107,
        "speedup_p95": 2.319564584560777,
        "legacy_samples_seconds": [
          0.017307916656136513,
          0.017055582720786333,
          0.017352791968733072,
          0.017238874919712543,
          0.017554624937474728
        ],
        "rust_samples_seconds": [
          0.007353208027780056,
          0.007570374757051468,
          0.007463292218744755,
          0.007371833082288504,
          0.007471832912415266
        ]
      }
    },
    "orbit_determination.gaussIOD": {
      "recommendation": "rust-default",
      "metrics": {
        "legacy_seconds_p50": 0.15742424968630075,
        "legacy_seconds_p95": 0.16283757435157895,
        "rust_seconds_p50": 0.05781570775434375,
        "rust_seconds_p95": 0.05803189212456346,
        "rust_over_legacy_p50": 0.36726049429838853,
        "rust_over_legacy_p95": 0.3563790013186275,
        "speedup_p50": 2.722862969267609,
        "speedup_p95": 2.8060014655743726,
        "legacy_samples_seconds": [
          0.1601052084006369,
          0.15730504179373384,
          0.16352066583931446,
          0.15742424968630075,
          0.15699891606345773
        ],
        "rust_samples_seconds": [
          0.05597566673532128,
          0.0579326250590384,
          0.05781570775434375,
          0.05805670889094472,
          0.05771095817908645
        ]
      }
    }
  },
  "samples": 5000,
  "gaussiod_samples": 128,
  "threshold_max_rust_over_legacy": 0.8333333333333334
}