{
  "api": "dynamics.calc_mean_motion",
  "n": 50000,
  "repeats": 9,
  "legacy_seconds_p50": 4.683295264840126e-05,
  "legacy_seconds_p95": 8.552521467208861e-05,
  "rust_seconds_p50": 3.137486055493355e-05,
  "rust_seconds_p95": 3.222459927201271e-05,
  "speedup_p50": 1.4926903839589176,
  "speedup_p95": 2.6540350106500115,
  "legacy_samples_seconds": [
    9.912531822919846e-05,
    5.075009539723396e-05,
    4.295818507671356e-05,
    4.4040847569704056e-05,
    4.070904105901718e-05,
    5.4416246712207794e-05,
    6.512505933642387e-05,
    4.429090768098831e-05,
    4.683295264840126e-05
  ],
  "rust_samples_seconds": [
    3.27075831592083e-05,
    3.145914524793625e-05,
    3.129197284579277e-05,
    3.141723573207855e-05,
    3.137486055493355e-05,
    3.150012344121933e-05,
    3.129197284579277e-05,
    3.120815381407738e-05,
    3.1250063329935074e-05
  ]
}