{
 "legacy_commit": "4c1fbc4cd1a67b1e8527f20dce0b853b9a4022ac",
 "normal": {
  "orbit_ids": [
   "00000",
   "00001",
   "00002",
   "00003"
  ],
  "arc_length": [
   0.004861111112404615,
   0.004861111112404615,
   0.004861111112404615,
   0.004861111112404615
  ],
  "num_obs": [
   8,
   8,
   8,
   8
  ],
  "chi2": [
   3.9999999999955664e-06,
   1.600000000001069e-05,
   3.6000000000002725e-05,
   6.399999999998592e-05
  ],
  "reduced_chi2": [
   9.523809523798968e-08,
   3.8095238095263544e-07,
   8.571428571429221e-07,
   1.5238095238091882e-06
  ],
  "member_obs_ids": [
   "obs000",
   "obs001",
   "obs002",
   "obs003",
   "obs004",
   "obs005",
   "obs006",
   "obs007",
   "obs000",
   "obs001",
   "obs002",
   "obs003",
   "obs004",
   "obs005",
   "obs006",
   "obs007",
   "obs000",
   "obs001",
   "obs002",
   "obs003",
   "obs004",
   "obs005",
   "obs006",
   "obs007",
   "obs000",
   "obs001",
   "obs002",
   "obs003",
   "obs004",
   "obs005",
   "obs006",
   "obs007"
  ],
  "member_outlier": [
   false,
   false,
   false,
   false,
   false,
   false,
   false,
   false,
   false,
   false,
   false,
   false,
   false,
   false,
   false,
   false,
   false,
   false,
   false,
   false,
   false,
   false,
   false,
   false,
   false,
   false,
   false,
   false,
   false,
   false,
   false,
   false
  ],
  "residual_values": [
   [
    0.0,
    -0.000999847695155837,
    0.0,
    0.0,
    0.0,
    0.0
   ],
   [
    0.0,
    -0.0009999222924804206,
    0.0,
    0.0,
    0.0,
    0.0
   ],
   [
    0.0,
    -0.0009999720250607157,
    0.0,
    0.0,
    0.0,
    0.0
   ],
   [
    0.0,
    -0.0009999968916600379,
    0.0,
    0.0,
    0.0,
    0.0
   ],
   [
    0.0,
    -0.0009999968916600379,
    0.0,
    0.0,
    0.0,
    0.0
   ],
   [
    0.0,
    -0.0009999720250607157,
    0.0,
    0.0,
    0.0,
    0.0
   ],
   [
    0.0,
    -0.0009999222924804206,
    0.0,
    0.0,
    0.0,
    0.0
   ],
   [
    0.0,
    -0.000999847695155837,
    0.0,
    0.0,
    0.0,
    0.0
   ],
   [
    0.0,
    -0.0019996953903134505,
    0.0,
    0.0,
    0.0,
    0.0
   ],
   [
    0.0,
    -0.0019998445849626176,
    0.0,
    0.0,
    0.0,
    0.0
   ],
   [
    0.0,
    -0.0019999440501232077,
    0.0,
    0.0,
    0.0,
    0.0
   ],
   [
    0.0,
    -0.001999993783321852,
    0.0,
    0.0,
    0.0,
    0.0
   ],
   [
    0.0,
    -0.001999993783321852,
    0.0,
    0.0,
    0.0,
    0.0
   ],
   [
    0.0,
    -0.0019999440501232077,
    0.0,
    0.0,
    0.0,
    0.0
   ],
   [
    0.0,
    -0.0019998445849626176,
    0.0,
    0.0,
    0.0,
    0.0
   ],
   [
    0.0,
    -0.0019996953903134505,
    0.0,
    0.0,
    0.0,
    0.0
   ],
   [
    0.0,
    -0.0029995430854692874,
    0.0,
    0.0,
    0.0,
    0.0
   ],
   [
    0.0,
    -0.0029997668774430384,
    0.0,
    0.0,
    0.0,
    0.0
   ],
   [
    0.0,
    -0.002999916075183923,
    0.0,
    0.0,
    0.0,
    0.0
   ],
   [
    0.0,
    -0.00299999067498189,
    0.0,
    0.0,
    0.0,
    0.0
   ],
   [
    0.0,
    -0.00299999067498189,
    0.0,
    0.0,
    0.0,
    0.0
   ],
   [
    0.0,
    -0.002999916075183923,
    0.0,
    0.0,
    0.0,
    0.0
   ],
   [
    0.0,
    -0.0029997668774430384,
    0.0,
    0.0,
    0.0,
    0.0
   ],
   [
    0.0,
    -0.0029995430854692874,
    0.0,
    0.0,
    0.0,
    0.0
   ],
   [
    0.0,
    -0.003999390780625125,
    0.0,
    0.0,
    0.0,
    0.0
   ],
   [
    0.0,
    -0.003999689169923459,
    0.0,
    0.0,
    0.0,
    0.0
   ],
   [
    0.0,
    -0.003999888100244639,
    0.0,
    0.0,
    0.0,
    0.0
   ],
   [
    0.0,
    -0.003999987566641928,
    0.0,
    0.0,
    0.0,
    0.0
   ],
   [
    0.0,
    -0.003999987566641928,
    0.0,
    0.0,
    0.0,
    0.0
   ],
   [
    0.0,
    -0.003999888100244639,
    0.0,
    0.0,
    0.0,
    0.0
   ],
   [
    0.0,
    -0.003999689169923459,
    0.0,
    0.0,
    0.0,
    0.0
   ],
   [
    0.0,
    -0.003999390780625125,
    0.0,
    0.0,
    0.0,
    0.0
   ]
  ],
  "residual_chi2": [
   4.999999999994457e-07,
   4.999999999994457e-07,
   4.999999999994458e-07,
   4.999999999994459e-07,
   4.999999999994459e-07,
   4.999999999994458e-07,
   4.999999999994457e-07,
   4.999999999994457e-07,
   2.0000000000013357e-06,
   2.000000000001336e-06,
   2.0000000000013365e-06,
   2.000000000001336e-06,
   2.000000000001336e-06,
   2.0000000000013365e-06,
   2.000000000001336e-06,
   2.0000000000013357e-06,
   4.500000000000341e-06,
   4.5000000000003415e-06,
   4.500000000000341e-06,
   4.5000000000003415e-06,
   4.5000000000003415e-06,
   4.500000000000341e-06,
   4.5000000000003415e-06,
   4.500000000000341e-06,
   7.999999999998238e-06,
   7.999999999998236e-06,
   7.999999999998241e-06,
   7.99999999999824e-06,
   7.99999999999824e-06,
   7.999999999998241e-06,
   7.999999999998236e-06,
   7.999999999998238e-06
  ],
  "residual_dof": [
   6,
   6,
   6,
   6,
   6,
   6,
   6,
   6,
   6,
   6,
   6,
   6,
   6,
   6,
   6,
   6,
   6,
   6,
   6,
   6,
   6,
   6,
   6,
   6,
   6,
   6,
   6,
   6,
   6,
   6,
   6,
   6
  ],
  "residual_probability": [
   1.0,
   1.0,
   1.0,
   1.0,
   1.0,
   1.0,
   1.0,
   1.0,
   1.0,
   1.0,
   1.0,
   1.0,
   1.0,
   1.0,
   1.0,
   1.0,
   1.0,
   1.0,
   1.0,
   1.0,
   1.0,
   1.0,
   1.0,
   1.0,
   1.0,
   1.0,
   1.0,
   1.0,
   1.0,
   1.0,
   1.0,
   1.0
  ]
 },
 "ignored": {
  "orbit_ids": [
   "00000",
   "00001",
   "00002",
   "00003"
  ],
  "arc_length": [
   0.004861111112404615,
   0.004861111112404615,
   0.004861111112404615,
   0.004861111112404615
  ],
  "num_obs": [
   6,
   6,
   6,
   6
  ],
  "chi2": [
   2.9999999999966746e-06,
   1.2000000000008017e-05,
   2.7000000000002045e-05,
   4.799999999998944e-05
  ],
  "reduced_chi2": [
   9.999999999988915e-08,
   4.000000000002672e-07,
   9.000000000000681e-07,
   1.599999999999648e-06
  ],
  "member_obs_ids": [
   "obs000",
   "obs001",
   "obs002",
   "obs003",
   "obs004",
   "obs005",
   "obs006",
   "obs007",
   "obs000",
   "obs001",
   "obs002",
   "obs003",
   "obs004",
   "obs005",
   "obs006",
   "obs007",
   "obs000",
   "obs001",
   "obs002",
   "obs003",
   "obs004",
   "obs005",
   "obs006",
   "obs007",
   "obs000",
   "obs001",
   "obs002",
   "obs003",
   "obs004",
   "obs005",
   "obs006",
   "obs007"
  ],
  "member_outlier": [
   false,
   true,
   false,
   false,
   false,
   false,
   true,
   false,
   false,
   true,
   false,
   false,
   false,
   false,
   true,
   false,
   false,
   true,
   false,
   false,
   false,
   false,
   true,
   false,
   false,
   true,
   false,
   false,
   false,
   false,
   true,
   false
  ],