{
 "legacy_commit": "4c1fbc4cd1a67b1e8527f20dce0b853b9a4022ac",
 "case": {
  "observation_ids": [
   "obs_2160",
   "obs_2161",
   "obs_2162",
   "obs_2163",
   "obs_2164",
   "obs_2165",
   "obs_2166",
   "obs_2167",
   "obs_2168",
   "obs_2169"
  ],
  "state": [
   [
    0.6377314785258987,
    2.5342765642958875,
    0.20845355233367843,
    -0.010068057700108279,
    0.0039283168753594475,
    0.0001137216277571294
   ]
  ],
  "epoch_mjd": [
   57930.019976417796
  ],
  "arc_length": [
   6.000054925258155
  ],
  "num_obs": [
   10
  ],
  "chi2": [
   386.71099485700165
  ],
  "reduced_chi2": [
   27.62221391835726
  ],
  "member_obs_ids": [
   "obs_2160",
   "obs_2161",
   "obs_2162",
   "obs_2163",
   "obs_2164",
   "obs_2165",
   "obs_2166",
   "obs_2167",
   "obs_2168",
   "obs_2169"
  ],
  "residual_values": [
   [
    NaN,
    -0.00015493409648540633,
    -1.172405314875391e-05,
    NaN,
    NaN,
    NaN
   ],
   [
    NaN,
    -0.00016975203171382884,
    -1.2893596416319042e-05,
    NaN,
    NaN,
    NaN
   ],
   [
    NaN,
    -0.0001544099136310257,
    -1.1645951385474973e-05,
    NaN,
    NaN,
    NaN
   ],
   [
    NaN,
    -0.00011298718445665317,
    -8.394011800305634e-06,
    NaN,
    NaN,
    NaN
   ],
   [
    NaN,
    1.9298262026213095e-05,
    1.3447166722357906e-06,
    NaN,
    NaN,
    NaN
   ],
   [
    NaN,
    1.7444195368141908e-06,
    5.166620198338023e-08,
    NaN,
    NaN,
    NaN
   ],
   [
    NaN,
    0.00013766645065601155,
    8.069363872209578e-06,
    NaN,
    NaN,
    NaN
   ],
   [
    NaN,
    0.00010806301947389418,
    6.05273114473448e-06,
    NaN,
    NaN,
    NaN
   ],
   [
    NaN,
    0.00016016878851574443,
    9.556983915359751e-06,
    NaN,
    NaN,
    NaN
   ],
   [
    NaN,
    0.0003036049504428372,
    1.5847678927372044e-05,
    NaN,
    NaN,
    NaN
   ]
  ],
  "residual_chi2": [
   38.939989795891584,
   46.74682659463991,
   38.6767469527135,
   20.730323326006488,
   0.6044479601793634,
   0.004923201649750012,
   30.758069574391836,
   18.9477682339459,
   41.64002200185588,
   149.66187721572743
  ],
  "residual_dof": [
   2,
   2,
   2,
   2,
   2,
   2,
   2,
   2,
   2,
   2
  ],
  "residual_probability": [
   3.5017783117652357e-09,
   7.064082652163961e-11,
   3.994395925133176e-09,
   3.151138455437241e-05,
   0.7391724864272846,
   0.9975414264299617,
   2.0939680700493568e-07,
   7.683240113731671e-05,
   9.077872897833572e-10,
   0.0
  ],
  "solution": [
   true,
   false,
   false,
   false,
   false,
   true,
   false,
   false,
   false,
   true
  ],
  "outlier": [
   false,
   false,
   false,
   false,
   false,
   false,
   false,
   false,
   false,
   false
  ]
 }
}
