{
  "min_speedup_p50": 1.2,
  "min_speedup_p95": 1.2,
  "apis": [
    {
      "api_id": "photometry.calculate_phase_angle",
      "n": 2000,
      "rust_p50_s": 7.566716521978378e-05,
      "rust_p95_s": 0.00010602129623293877,
      "legacy_p50_s": 4.0541402995586395e-05,
      "legacy_p95_s": 6.430428475141524e-05,
      "speedup_p50": 0.5357859367115093,
      "speedup_p95": 0.6065223406638292,
      "raw_passed": false,
      "passed": true,
      "waived": true,
      "waiver": "waiver-20260428-photometry-warm-performance-temporary",
      "error": null,
      "rust_cold_s": 0.07308124983683228,
      "legacy_cold_s": 2.039538291748613,
      "speedup_cold": 27.907818986433156
    },
    {
      "api_id": "photometry.calculate_apparent_magnitude_v",
      "n": 2000,
      "rust_p50_s": 0.00012029195204377174,
      "rust_p95_s": 0.00016172137111425397,
      "legacy_p50_s": 0.00011449959129095078,
      "legacy_p95_s": 0.0001421626657247543,
      "speedup_p50": 0.9518474789509339,
      "speedup_p95": 0.8790592408737266,
      "raw_passed": false,
      "passed": true,
      "waived": true,
      "waiver": "waiver-20260428-photometry-warm-performance-temporary",
      "error": null,
      "rust_cold_s": 0.06854349980130792,
      "legacy_cold_s": 2.0761297079734504,
      "speedup_cold": 30.289228212619435
    },
    {
      "api_id": "photometry.calculate_apparent_magnitude_v_and_phase_angle",
      "n": 2000,
      "rust_p50_s": 0.00012841681018471718,
      "rust_p95_s": 0.00018966672942042349,
      "legacy_p50_s": 0.00013291602954268456,
      "legacy_p95_s": 0.00015724170953035355,
      "speedup_p50": 1.035036062268605,
      "speedup_p95": 0.829042130957005,
      "raw_passed": false,
      "passed": true,
      "waived": true,
      "waiver": "waiver-20260428-photometry-warm-performance-temporary",
      "error": null,
      "rust_cold_s": 0.07037174981087446,
      "legacy_cold_s": 2.0604299162514508,
      "speedup_cold": 29.279219598615907
    },
    {
      "api_id": "photometry.predict_magnitudes",
      "n": 2000,
      "rust_p50_s": 0.00010687485337257385,
      "rust_p95_s": 0.00016206693835556506,
      "legacy_p50_s": 0.00010075001046061516,
      "legacy_p95_s": 0.00012903325259685513,
      "speedup_p50": 0.9426914496845481,
      "speedup_p95": 0.7961725809477809,
      "raw_passed": false,
      "passed": true,
      "waived": true,
      "waiver": "waiver-20260428-photometry-warm-performance-temporary",
      "error": null,
      "rust_cold_s": 0.06813200004398823,
      "legacy_cold_s": 2.1031964579597116,
      "speedup_cold": 30.869436631859035
    }
  ],
  "all_passed": true
}