{
  "cartesian_to_spherical": {
    "rust_seconds_p50": 0.0015736669301986694,
    "rust_seconds_p95": 0.0021547168958932156,
    "rust_samples_seconds": [
      0.0015736669301986694,
      0.0013927500694990158,
      0.0017077079974114895,
      0.0023462921380996704,
      0.0015537077561020851,
      0.0016626659780740738,
      0.0013823751360177994
    ]
  },
  "cartesian_to_geodetic": {
    "rust_seconds_p50": 0.0027193338610231876,
    "rust_seconds_p95": 0.003858545841649174,
    "rust_samples_seconds": [
      0.0029150419868528843,
      0.002199375070631504,
      0.003397333435714245,
      0.002368084155023098,
      0.002076665870845318,
      0.004056208301335573,
      0.0027193338610231876
    ]
  },
  "cartesian_to_keplerian": {
    "rust_seconds_p50": 0.0036195004358887672,
    "rust_seconds_p95": 0.004276112420484424,
    "rust_samples_seconds": [
      0.0036448747850954533,
      0.002957665827125311,
      0.004395375028252602,
      0.003997833002358675,
      0.003344124648720026,
      0.0031800419092178345,
      0.0036195004358887672
    ]
  },
  "keplerian_to_cartesian": {
    "rust_seconds_p50": 0.005446167197078466,
    "rust_seconds_p95": 0.00591762950643897,
    "rust_samples_seconds": [
      0.005987917073071003,
      0.005753625184297562,
      0.005094499792903662,
      0.005733666010200977,
      0.005137959029525518,
      0.00527149997651577,
      0.005446167197078466
    ]
  },
  "spherical_to_cartesian": {
    "rust_seconds_p50": 0.0011964156292378902,
    "rust_seconds_p95": 0.0012963911052793263,
    "rust_samples_seconds": [
      0.0013236659578979015,
      0.0009168330579996109,
      0.001194041222333908,
      0.0011822921223938465,
      0.0012212088331580162,
      0.0011964156292378902,
      0.0012327497825026512
    ]
  },
  "cartesian_to_cometary": {
    "rust_seconds_p50": 0.0037334170192480087,
    "rust_seconds_p95": 0.0039577248506248,
    "rust_samples_seconds": [
      0.0036087092012166977,
      0.0038622920401394367,
      0.0036135828122496605,
      0.00380516704171896,
      0.003508749883621931,
      0.003998624626547098,
      0.0037334170192480087
    ]
  },
  "cometary_to_cartesian": {
    "rust_seconds_p50": 0.004732124973088503,
    "rust_seconds_p95": 0.005891112657263874,
    "rust_samples_seconds": [
      0.004687333945184946,
      0.0040941666811704636,
      0.004426291678100824,
      0.004927291069179773,
      0.004732124973088503,
      0.005098334047943354,
      0.006230874918401241
    ]
  },
  "calc_mean_motion": {
    "rust_seconds_p50": 2.9916875064373016e-05,
    "rust_seconds_p95": 5.067521706223486e-05,
    "rust_samples_seconds": [
      5.9125013649463654e-05,
      3.095902502536774e-05,
      3.008311614394188e-05,
      2.9458198696374893e-05,
      2.9916875064373016e-05,
      2.9417220503091812e-05,
      2.987496554851532e-05
    ]
  },
  "propagate_2body": {
    "rust_seconds_p50": 0.0027165417559444904,
    "rust_seconds_p95": 0.002888120850548148,
    "rust_samples_seconds": [
      0.0029037082567811012,
      0.002559832762926817,
      0.0027165417559444904,
      0.0027782092802226543,
      0.0024392083287239075,
      0.0023700003512203693,
      0.002851750236004591
    ]
  },
  "propagate_2body_with_covariance": {
    "rust_seconds_p50": 0.0005533332005143166,
    "rust_seconds_p95": 0.0007796204183250665,
    "rust_samples_seconds": [
      0.00044966721907258034,
      0.0003653750754892826,
      0.0007423749193549156,
      0.0007955827750265598,
      0.0005533332005143166,
      0.0005279579199850559,
      0.0006573749706149101
    ]
  },
  "generate_ephemeris_2body": {
    "rust_seconds_p50": 0.006955333985388279,
    "rust_seconds_p95": 0.007076966250315308,
    "rust_samples_seconds": [
      0.006979083176702261,
      0.006683750078082085,
      0.006978999823331833,
      0.006955333985388279,
      0.007118916139006615,
      0.006815500091761351,
      0.006551625207066536
    ]
  },
  "generate_ephemeris_2body_with_covariance": {
    "rust_seconds_p50": 0.0061729587614536285,
    "rust_seconds_p95": 0.00714905452914536,
    "rust_samples_seconds": [
      0.007167542353272438,
      0.0061729587614536285,
      0.006727791856974363,
      0.006084915716201067,
      0.0071059162728488445,
      0.0052500837482512,
      0.006042624823749065
    ]
  },
  "calculate_phase_angle": {
    "rust_seconds_p50": 0.0008228751830756664,
    "rust_seconds_p95": 0.001035357918590307,
    "rust_samples_seconds": [
      0.0009135003201663494,
      0.001081707887351513,
      0.0009272079914808273,
      0.0007257089018821716,
      0.0006997501477599144,
      0.0006756670773029327,
      0.0008228751830756664
    ]
  },
  "calculate_apparent_magnitude_v": {
    "rust_seconds_p50": 0.0011449167504906654,
    "rust_seconds_p95": 0.0012233455665409565,
    "rust_samples_seconds": [
      0.0009377496317028999,
      0.0009997501038014889,
      0.001244707964360714,
      0.001173499971628189,
      0.0011484166607260704,
      0.0011449167504906654,
      0.0008771670982241631
    ]
  },
  "calculate_apparent_magnitude_v_and_phase_angle": {
    "rust_seconds_p50": 0.0013768752105534077,
    "rust_seconds_p95": 0.0018595831003040072,
    "rust_samples_seconds": [
      0.0013768752105534077,
      0.0014415830373764038,
      0.0020050830207765102,
      0.0015200832858681679,
      0.0013346248306334019,
      0.001272750087082386,
      0.0012747077271342278
    ]
  },
  "calc_gibbs": {
    "rust_seconds_p50": 0.006595209240913391,
    "rust_seconds_p95": 0.006880178721621633,
    "rust_samples_seconds": [
      0.006880916189402342,
      0.006556833162903786,
      0.006878457963466644,
      0.006547417026013136,
      0.006737082730978727,
      0.0065064579248428345,
      0.006595209240913391
    ]
  },
  "calc_herrick_gibbs": {
    "rust_seconds_p50": 0.0072570000775158405,
    "rust_seconds_p95": 0.0073946296703070406,
    "rust_samples_seconds": [
      0.0074260421097278595,
      0.0072512500919401646,
      0.00706004211679101,
      0.0072570000775158405,
      0.00725720776244998,
      0.00723937526345253,
      0.0073213339783251286
    ]
  },
  "calc_gauss": {
    "rust_seconds_p50": 0.007168167270720005,
    "rust_seconds_p95": 0.0073544875718653206,
    "rust_samples_seconds": [
      0.007367375306785107,
      0.0073244161903858185,
      0.007158000022172928,
      0.007216542027890682,
      0.0071335830725729465,
      0.007168167270720005,
      0.0071175419725477695
    ]
  },
  "transform_coordinates": {
    "rust_seconds_p50": 0.0037667090073227882,
    "rust_seconds_p95": 0.004224317101761698,
    "rust_samples_seconds": [
      0.0037667090073227882,
      0.003310291562229395,
      0.003837958909571171,
      0.004375417251139879,
      0.003871750086545944,
      0.0035995002835989,
      0.0035285409539937973
    ]
  },
  "solve_lambert": {
    "rust_seconds_p50": 0.005212415941059589,
    "rust_seconds_p95": 0.005579062690958381,
    "rust_samples_seconds": [
      0.005671625025570393,
      0.00486295809969306,
      0.00536308391019702,
      0.005042458418756723,
      0.005101584363728762,
      0.005212415941059589,
      0.005285708699375391
    ]
  },
  "predict_magnitudes": {
    "rust_seconds_p50": 0.001041084062308073,
    "rust_seconds_p95": 0.0013890919741243123,
    "rust_samples_seconds": [
      0.001041084062308073,
      0.0008959169499576092,
      0.001250959001481533,
      0.0009384998120367527,
      0.0009137913584709167,
      0.0014482918195426464,
      0.0010770410299301147
    ]
  },
  "gauss_iod": {
    "rust_seconds_p50": 0.001293832901865244,
    "rust_seconds_p95": 0.001313420385122299,
    "rust_samples_seconds": [
      0.0012966659851372242,
      0.0013152076862752438,
      0.0012797918170690536,
      0.0012905416078865528,
      0.001293832901865244,
      0.0013092500157654285,
      0.0012859576381742954
    ]
  }
}