{
 "days": [
  60000,
  60001,
  60002,
  60003,
  60004,
  60005,
  60006,
  60007,
  60008,
  60009,
  60010,
  60011,
  60012,
  60013,
  60014,
  60015,
  60016,
  60017,
  60018,
  60019,
  60020
 ],
 "values": [
  [
   1.0,
   -0.5,
   0.0,
   0.001,
   -0.002,
   0.0005
  ],
  [
   1.0101,
   -0.48019999999999996,
   0.03271946967961522,
   0.00101,
   -0.00198,
   0.0004844562108553224
  ],
  [
   1.0204,
   -0.46080000000000004,
   0.0618369803069737,
   0.00102,
   -0.00196,
   0.0004387912809451864
  ],
  [
   1.0309,
   -0.4418,
   0.08414709848078966,
   0.00103,
   -0.00194,
   0.0003658444344369105
  ],
  [
   1.0416,
   -0.42319999999999997,
   0.09719379013633128,
   0.0010400000000000001,
   -0.00192,
   0.00027015115293406986
  ],
  [
   1.0525,
   -0.405,
   0.0995407957751765,
   0.00105,
   -0.0019,
   0.00015766118119763434
  ],
  [
   1.0636,
   -0.3872,
   0.09092974268256818,
   0.00106,
   -0.00188,
   3.536860083385145e-05
  ],
  [
   1.0749,
   -0.36979999999999996,
   0.07230858817383246,
   0.00107,
   -0.00186,
   -8.912302782474604e-05
  ],
  [
   1.0864,
   -0.35279999999999995,
   0.0457272626635812,
   0.00108,
   -0.00184,
   -0.0002080734182735712
  ],
  [
   1.0981,
   -0.3362,
   0.014112000805986721,
   0.00109,
   -0.00182,
   -0.00031408681136136957
  ],
  [
   1.11,
   -0.32,
   -0.01905679628754854,
   0.0011,
   -0.0018,
   -0.00040057180777346683
  ],
  [
   1.1221,
   -0.3042,
   -0.05012770485883448,
   0.00111,
   -0.0017800000000000001,
   -0.0004621511893162318
  ],
  [
   1.1344,
   -0.2888,
   -0.07568024953079283,
   0.0011200000000000001,
   -0.00176,
   -0.0004949962483002228
  ],
  [
   1.1468999999999998,
   -0.2738,
   -0.0929014501270762,
   0.00113,
   -0.00174,
   -0.0004970648380402731
  ],
  [
   1.1596000000000002,
   -0.2592,
   -0.09989549170979284,
   0.00114,
   -0.00172,
   -0.00046822834364539817
  ],
  [
   1.1724999999999999,
   -0.24500000000000002,
   -0.09589242746631385,
   0.00115,
   -0.0017000000000000001,
   -0.00041027967866978036
  ],
  [
   1.1856,
   -0.2312,
   -0.081332939156758,
   0.00116,
   -0.00168,
   -0.00032682181043180595
  ],
  [
   1.1988999999999999,
   -0.2178,
   -0.05781982417443089,
   0.00117,
   -0.00166,
   -0.0002230437449568964
  ],
  [
   1.2124,
   -0.2048,
   -0.027941549819892587,
   0.00118,
   -0.00164,
   -0.00010539789971538984
  ],
  [
   1.2261,
   -0.19219999999999998,
   0.005012700988217273,
   0.00119,
   -0.00162,
   1.8801076443988277e-05
  ],
  [
   1.24,
   -0.18,
   0.037415123057121996,
   0.0012000000000000001,
   -0.0016,
   0.00014183109273161314
  ]
 ],
 "cases": [
  {
   "name": "overdetermined_degree3",
   "window_start": 730728000.0,
   "window_end": 732110400.0,
   "degree": 3,
   "mid_time": null,
   "half_interval": null,
   "coefficients": [
    [
     166532349.66324005,
     14361395.587199956,
     478713.1862400193,
     -2.5398573181159622e-08
    ],
    [
     -48828744.99648002,
     19148527.449600007,
     -957426.3724800088,
     1.0428135564931591e-08
    ],
    [
     383922.58677351184,
     -13322007.820672486,
     2762469.4142830446,
     7365150.265747259
    ],
    [
     1.9046025204861117,
     0.13851654694444404,
     2.498001805406602e-16,
     -2.2587216661406977e-16
    ],
    [
     -3.1166223062500005,
     0.2770330938888891,
     5.551115123125783e-17,
     1.7782683204028828e-16
    ],
    [
     -0.15361165355046616,
     -0.5982064312564274,
     0.49858361192078826,
     0.1344150137394759
    ]
   ],
   "actual_mid": 731419200.0,
   "actual_half": 691200.0
  },
  {
   "name": "underdetermined_degree15",
   "window_start": 730555200.0,
   "window_end": 731419200.0,
   "degree": 15,
   "mid_time": null,
   "half_interval": null,
   "coefficients": [
    [
     132924042.56389442,
     4176967.4866528288,
     -39193874.41492826,
     -2292000.2497255467,
     -14925229.73772052,
     122817.87898937601,
     10224848.888179626,
     1708651.6537746713,
     23808631.016563077,
     2002458.586645186,
     23847922.34218761,
     1822856.9205500856,
     15831312.407388266,
     1106173.0054421052,
     5308100.522936024,
     -420042.3938287945
    ],
    [
     -51328381.01865569,
     6835037.705431884,
     14975071.727033257,
     -3750545.8631871943,
     5817874.992277046,
     200974.711073547,
     -3983320.5193712055,
     2795975.433449486,
     -9277413.318791464,
     3276750.414510315,
     -9295116.045390593,
     2982856.779081927,
     -6173212.965079961,
     1810101.2816325736,
     -2070629.839021453,
     -687342.0989925159
    ],
    [
     7221677.120520288,
     -901468.3060821808,
     -6537246.669112452,
     642861.2963772159,
     1136619.0820358265,
     -52466.33983557331,
     -408683.0269247672,
     -326360.3163829065,
     -947269.596642749,
     -360216.59298761317,
     -975882.4951669398,
     -335344.86629592057,
     -678195.0947836145,
     -209980.1454624956,
     -236447.39341604864,
     117547.19717900842
    ],
    [
     1.5335354664664331,
     0.0439495737231981,
     -0.4533177488968163,
     -0.024116164243745217,
     -0.17180156391150694,
     0.001292275662767041,
     0.11771307271131135,
     0.017978237097797358,
     0.2740798008581931,
     0.02106964001099684,
     0.2745150127378399,
     0.019179891840804344,
     0.1822159752327164,
     0.011639025730661858,
     0.0610896634476654,
     -0.004419637982205159
    ],
    [
     -2.774968939320212,
     0.08789914744639743,
     0.8202892599085255,
     -0.048232328487489214,
     0.31087902041129883,
     0.0025845513255341964,
     -0.21300460776332547,
     0.035956474195594605,
     -0.49595392536244437,
     0.04213928002199512,
     -0.4967414516208525,
     0.03835978368160913,
     -0.3297241456592006,
     0.02327805146132372,
     -0.11054320052434746,
     -0.008839275964410203
    ],
    [
     0.17171550466483546,
     -0.4428272418368647,
     -0.1007358529580549,
     0.2816862867767794,
     0.0005634623210011741,
     -0.019022340561353653,
     0.002260032252637923,
     -0.1702662738101337,
     0.004895908163626773,
     -0.19345435387244037,
     0.004402013740140296,
     -0.17798824793566037,
     0.0023557956927403624,
     -0.10968738209053805,
     0.0006209477239965711,
     0.051908946528357314
    ]
   ],
   "actual_mid": 730987200.0,
   "actual_half": 432000.0
  }
 ]
}